age,ethnicity,gender,img_name
65,0,1,20170110132559859.jpg
24,1,0,20170113134042697.jpg
1,2,0,20161219202542596.jpg
2,2,0,20161219154627053.jpg
26,0,1,20170104021534429.jpg
60,3,0,20170117135043467.jpg
30,4,1,20170105165132148.jpg
55,3,0,20170119203922271.jpg
26,2,0,20170116180708812.jpg
27,4,1,20170116211825926.jpg
44,3,0,20170119155521690.jpg
67,0,0,20170120224529039.jpg
12,0,1,20170109204428993.jpg
29,0,0,20170117180949666.jpg
24,1,0,20170114030404017.jpg
3,2,1,20161219162739430.jpg
2,3,1,20161219224442584.jpg
34,2,0,20170119165408941.jpg
35,2,1,20170104173050489.jpg
24,3,1,20170104222905601.jpg
34,1,0,20170113181625781.jpg
59,0,1,20170110141603824.jpg
33,4,1,20170117201624958.jpg
35,0,0,20170105172445389.jpg
26,1,0,20170116233450112.jpg
55,3,0,20170119201207516.jpg
4,2,0,20161219201254277.jpg
7,2,0,20161219193457075.jpg
7,0,1,20170109200933192.jpg
5,0,1,20170109193711655.jpg
2,4,1,20170103202730376.jpg
54,3,0,20170119210003773.jpg
61,3,0,20170119211905592.jpg
9,0,0,20170110220016235.jpg
20,1,1,20170113005503503.jpg
3,0,1,20170109193833863.jpg
55,0,0,20170111202253255.jpg
42,0,1,20170117154913871.jpg
1,2,0,20161219203743797.jpg
20,1,1,20170112191255227.jpg
23,0,1,20170116221851470.jpg
75,0,0,20170111222532345.jpg
90,0,1,20170120140047472.jpg
24,1,0,20170116000638538.jpg
38,3,1,20170104232742666.jpg
26,0,0,20170120134036223.jpg
75,0,1,20170110183942473.jpg
34,1,0,20170117204703255.jpg
32,0,0,20170117134824559.jpg
45,0,0,20170117181001561.jpg
1,2,1,20161219194854052.jpg
44,1,1,20170116164354400.jpg
17,1,1,20170112230526286.jpg
21,1,0,20170115231442487.jpg
13,0,0,20170110224751365.jpg
55,0,0,20170104212851085.jpg
29,4,0,20170104200952009.jpg
33,3,0,20170119184235519.jpg
19,0,0,20170110232102606.jpg
85,0,1,20170110181556802.jpg
60,2,0,20170112205517100.jpg
4,1,1,20170109194638149.jpg
28,0,1,20170117180659169.jpg
1,2,0,20161219222549447.jpg
26,1,1,20170116234436659.jpg
56,1,0,20170113174909839.jpg
36,0,0,20170116182401789.jpg
31,1,0,20170117135430980.jpg
9,0,0,20170110220515721.jpg
68,0,0,20170105174949806.jpg
26,3,0,20170119180950828.jpg
26,3,0,20170119180328460.jpg
47,3,1,20170119202206348.jpg
4,2,1,20161219205238948.jpg
24,4,1,20170105183531601.jpg
35,0,0,20170117135440070.jpg
20,4,1,20170103233719339.jpg
72,1,1,20170120223941518.jpg
23,1,0,20170114033518919.jpg
26,2,1,20170116180005797.jpg
27,3,0,20170119194353859.jpg
24,2,1,20170116170616076.jpg
18,2,0,20170116163826980.jpg
14,0,0,20170110225725643.jpg
28,0,0,20170117180135357.jpg
26,2,1,20170104015910819.jpg
28,3,0,20170119194927291.jpg
26,1,0,20170116205012718.jpg
46,0,0,20170117172149820.jpg
52,0,0,20170104212243804.jpg
26,3,0,20170119165526055.jpg
27,0,0,20170117120152773.jpg
22,0,1,20170112233731616.jpg
40,0,1,20170117135406232.jpg
40,0,0,20170117152327651.jpg
43,3,1,20170119193027273.jpg
25,3,1,20170117140244350.jpg
26,1,0,20170116204838256.jpg
26,0,0,20170103181004512.jpg
30,1,0,20170117202813031.jpg
65,2,0,20170112205356788.jpg
46,0,0,20170104184807318.jpg
85,0,1,20170110183749939.jpg
27,0,1,20170109132420616.jpg
2,2,0,20161219142243497.jpg
26,1,1,20170113000317146.jpg
50,3,0,20170119201854301.jpg
32,4,1,20170117203112816.jpg
75,2,0,20170112220535400.jpg
24,4,1,20170117150615516.jpg
65,0,0,20170111200004259.jpg
1,2,0,20161219203016316.jpg
40,0,1,20170117181413925.jpg
27,2,1,20170116163645443.jpg
29,3,0,20170119195114531.jpg
30,1,0,20170113133323665.jpg
26,3,0,20170119154206922.jpg
27,2,1,20170116170956198.jpg
26,1,1,20170116182045931.jpg
67,2,0,20170112224619492.jpg
30,1,0,20170114033434587.jpg
82,0,1,20170120134927295.jpg
54,1,0,20170113190519393.jpg
26,1,1,20170117153740629.jpg
30,3,1,20170104223316975.jpg
61,0,0,20170117192103475.jpg
64,0,0,20170111200155418.jpg
26,2,0,20170116163925116.jpg
44,3,1,20170109141426511.jpg
35,2,0,20170117122032979.jpg
26,0,1,20170117200248981.jpg
26,2,0,20170116161324238.jpg
2,3,1,20161219225738912.jpg
23,0,0,20170117194151965.jpg
35,0,1,20170116235649559.jpg
20,2,0,20170117193519517.jpg
35,1,1,20170116003228386.jpg
32,1,1,20170115235041750.jpg
48,3,0,20170119200357284.jpg
25,1,1,20170112234214983.jpg
40,2,0,20170117171045229.jpg
40,1,0,20170116201948808.jpg
41,0,0,20170109002859574.jpg
28,4,1,20170104165215184.jpg
31,1,1,20170113000500356.jpg
8,4,1,20170103212955884.jpg
5,2,1,20161219142215457.jpg
58,1,0,20170113193258196.jpg
38,0,0,20170117091005107.jpg
23,3,1,20170119164550198.jpg
30,1,1,20170116021054972.jpg
35,0,1,20170117193055396.jpg
45,3,0,20170119201309141.jpg
43,3,0,20170119180612748.jpg
4,3,1,20170119180337725.jpg
18,0,1,20170109213013086.jpg
35,2,1,20170117183042510.jpg
50,0,0,20170111171747301.jpg
55,0,0,20170120221715677.jpg
17,0,0,20170116201003399.jpg
75,2,1,20170110182818569.jpg
26,4,0,20170117200446422.jpg
1,2,0,20161219203154684.jpg
65,0,0,20170117171404003.jpg
32,0,1,20170117134809503.jpg
80,1,0,20170111205621738.jpg
55,0,1,20170104212854053.jpg
30,3,1,20170119205427119.jpg
4,0,0,20170110225200150.jpg
24,3,0,20170104230212395.jpg
61,0,0,20170104185715382.jpg
26,1,0,20170116225054291.jpg
28,0,0,20170116224740572.jpg
28,4,0,20170103235814852.jpg
35,0,0,20170104201742041.jpg
24,3,1,20170119152515392.jpg
26,0,0,20170113210127170.jpg
37,1,0,20170117191953052.jpg
35,0,0,20170119200925684.jpg
60,0,1,20170110141547583.jpg
4,0,0,20170109192342033.jpg
28,3,0,20170119194935202.jpg
42,0,1,20170110160632965.jpg
45,0,0,20170116232841111.jpg
26,3,1,20170104234454339.jpg
60,0,0,20170104212114820.jpg
55,0,0,20170120140655585.jpg
50,0,1,20170110143343917.jpg
39,0,0,20170104202300394.jpg
1,4,0,20161221201458610.jpg
30,2,1,20170116192245601.jpg
1,2,0,20161219160450054.jpg
33,0,1,20170117134148014.jpg
21,1,1,20170114030624147.jpg
18,0,1,20170109212422272.jpg
25,4,0,20170113133224545.jpg
25,1,0,20170116003017226.jpg
90,0,1,20170120225831522.jpg
96,0,1,20170110161321170.jpg
35,3,0,20170105172520740.jpg
26,1,1,20170116231834520.jpg
7,0,0,20170110225021990.jpg
27,1,1,20170113001031147.jpg
24,4,1,20170116214244943.jpg
45,0,0,20170120220616729.jpg
15,1,1,20170112230538604.jpg
63,1,0,20170117155018994.jpg
26,2,1,20170116184247227.jpg
65,0,1,20170110131312112.jpg
26,1,1,20170116224202361.jpg
38,3,0,20170117165027105.jpg
54,0,1,20170117171700979.jpg
41,0,0,20170104204845308.jpg
70,0,0,20170117091026248.jpg
29,0,0,20170117202637960.jpg
111,0,1,20170120134646399.jpg
16,0,0,20170110232757924.jpg
26,0,0,20170117195426941.jpg
27,1,0,20170117012341879.jpg
78,0,1,20170110180142396.jpg
23,0,1,20170117145132068.jpg
36,3,0,20170119201817029.jpg
36,1,0,20170113183153677.jpg
22,3,1,20170104232504850.jpg
25,0,1,20170103180606727.jpg
26,0,0,20170117195743604.jpg
45,0,1,20170103181133961.jpg
67,3,0,20170117134845691.jpg
50,2,0,20170116184741921.jpg
22,4,1,20170103223356448.jpg
36,0,0,20170117181851709.jpg
32,0,1,20170117170534474.jpg
26,4,1,20170117154137164.jpg
89,3,0,20170105180114246.jpg
23,3,0,20170117144200145.jpg
36,2,0,20170104165035320.jpg
21,1,1,20170112193005893.jpg
58,3,0,20170109142236643.jpg
26,0,0,20170105163435235.jpg
68,0,0,20170111171747660.jpg
42,0,0,20170117185752122.jpg
52,3,0,20170119205641007.jpg
13,0,1,20170110224453650.jpg
24,1,0,20170113151045191.jpg
27,3,0,20170119164157678.jpg
20,0,0,20170117005807799.jpg
4,0,1,20170109192308345.jpg
88,2,1,20170112003903252.jpg
1,2,0,20161219151026723.jpg
40,4,0,20170116213431880.jpg
29,2,1,20170116191203271.jpg
37,1,1,20170116160528038.jpg
48,0,0,20170117153924476.jpg
20,0,1,20170117133854316.jpg
62,1,0,20170111223858253.jpg
54,3,0,20170119200606516.jpg
83,0,1,20170120224721561.jpg
4,0,0,20170110213441609.jpg
50,2,0,20170117160616344.jpg
21,4,0,20161223214836609.jpg
39,1,1,20170116012217327.jpg
32,1,0,20170113155159833.jpg
30,3,1,20170119204032119.jpg
1,3,1,20161220143207700.jpg
65,0,0,20170117204225231.jpg
52,0,0,20170117154831559.jpg
45,3,0,20170120222425936.jpg
28,0,0,20170109141837163.jpg
31,0,0,20170116191348943.jpg
26,3,1,20170117174540872.jpg
80,0,1,20170120223534893.jpg
35,2,0,20170116191853753.jpg
31,1,1,20170116180028746.jpg
24,2,1,20170116163750637.jpg
36,4,0,20170103230431017.jpg
25,1,1,20170112205151018.jpg
35,2,1,20170116191844463.jpg
23,4,0,20170103234919628.jpg
45,2,0,20170116164410975.jpg
40,4,0,20170104192730423.jpg
50,0,1,20170117160740015.jpg
60,0,1,20170110152954671.jpg
26,0,1,20170117174249502.jpg
51,3,0,20170104220403390.jpg
37,3,0,20170119202308661.jpg
65,0,1,20170110180059564.jpg
72,0,1,20170110122329893.jpg
40,0,0,20170117173334842.jpg
29,1,1,20170113000121657.jpg
14,0,1,20170104005333646.jpg
25,2,1,20170116165453584.jpg
47,1,1,20170113002000875.jpg
22,2,1,20170104021444541.jpg
27,1,0,20170113183057766.jpg
23,0,1,20170116221819522.jpg
23,1,0,20170114033534348.jpg
29,3,0,20170119195115251.jpg
36,0,0,20170117162433077.jpg
27,2,1,20170116171651433.jpg
28,3,0,20170119194511483.jpg
20,4,1,20170103224446743.jpg
44,3,0,20170119200840702.jpg
54,0,0,20170104212507413.jpg
55,0,0,20170111194845175.jpg
26,1,0,20170120134513055.jpg
20,4,0,20170105161709125.jpg
29,0,1,20170103181745425.jpg
26,0,0,20170117171759796.jpg
24,2,1,20170116170758728.jpg
58,0,0,20170117193904073.jpg
3,0,1,20170109193129215.jpg
28,2,0,20170117141552570.jpg
48,0,1,20170110152853674.jpg
31,2,0,20170112003835278.jpg
78,0,0,20170111221840478.jpg
38,0,0,20170117120656921.jpg
9,1,1,20170117105556810.jpg
8,4,0,20170117133054476.jpg
100,2,1,20170112222336458.jpg
33,0,1,20170112235228201.jpg
34,0,1,20170116172016963.jpg
17,3,0,20170104230447112.jpg
70,0,1,20170110122250867.jpg
3,2,0,20161219190020899.jpg
24,3,1,20170119170909047.jpg
38,1,1,20170113001855604.jpg
52,1,1,20170113000523249.jpg
24,1,1,20170112192904237.jpg
32,0,0,20170116191419267.jpg
23,3,1,20170119164602781.jpg
65,3,0,20170117190407347.jpg
60,0,0,20170117091256462.jpg
27,4,0,20170103234827428.jpg
29,3,1,20170104234632266.jpg
85,0,1,20170110181745563.jpg
25,1,0,20170113151453752.jpg
26,1,0,20170116214531552.jpg
68,0,0,20170111202304919.jpg
43,0,0,20170117155102419.jpg
29,1,1,20170117190515909.jpg
60,3,1,20170119205944312.jpg
26,3,1,20170117153326979.jpg
15,0,0,20170116211720424.jpg
26,1,0,20170116010530676.jpg
1,3,1,20161219225024289.jpg
25,1,1,20170116001414790.jpg
85,0,1,20170110183802977.jpg
26,2,1,20170116163914678.jpg
67,0,0,20170120225706103.jpg
72,0,1,20170110183431246.jpg
8,0,0,20170103201932624.jpg
26,3,1,20170119192843266.jpg
52,0,0,20170117161010863.jpg
34,1,1,20170116222859953.jpg
25,3,0,20170117151555901.jpg
58,0,1,20170104185337334.jpg
56,3,1,20170109142023203.jpg
28,0,0,20170116212053311.jpg
30,4,1,20170103182430449.jpg
34,2,0,20170105173426253.jpg
25,0,0,20170113210127389.jpg
24,1,1,20170112204751139.jpg
28,3,0,20170117020733772.jpg
33,0,1,20170105163852244.jpg
33,1,1,20170113161351324.jpg
54,1,0,20170117190531158.jpg
18,0,1,20170109214455239.jpg
96,2,1,20170110183043609.jpg
57,0,1,20170110141704735.jpg
29,1,1,20170116010545437.jpg
29,0,0,20170116024240065.jpg
42,0,0,20170117135630521.jpg
21,1,0,20170105002506437.jpg
22,2,1,20170116184716890.jpg
1,4,0,20170103210917330.jpg
25,1,1,20170116003320107.jpg
70,0,1,20170110141008498.jpg
26,2,1,20170116180824329.jpg
35,0,0,20170117185301642.jpg
4,3,0,20170109131758363.jpg
23,2,1,20170116173233383.jpg
10,4,0,20170103200501766.jpg
61,3,0,20170109015533502.jpg
38,0,1,20170104202343507.jpg
45,3,0,20170119202040629.jpg
85,0,1,20170110141034090.jpg
26,1,1,20170116011417813.jpg
76,0,1,20170110131744527.jpg
26,2,1,20170116184020867.jpg
78,0,0,20170111222249342.jpg
26,3,1,20170109134328289.jpg
47,4,0,20170104210443652.jpg
32,0,1,20170104165842857.jpg
45,3,0,20170119154224697.jpg
2,2,1,20161219212017166.jpg
58,0,0,20170117191942332.jpg
41,0,0,20170117185454480.jpg
26,1,0,20170113132700512.jpg
26,4,0,20170117152744875.jpg
24,3,1,20170119171035080.jpg
50,0,0,20170111203910911.jpg
35,0,1,20170116201420399.jpg
32,1,0,20170117140220148.jpg
18,0,0,20170110231228322.jpg
73,0,1,20170120230335947.jpg
26,1,1,20170116203803077.jpg
51,1,0,20170117194228848.jpg
1,2,1,20161219210324181.jpg
56,0,0,20170111202409002.jpg
32,1,0,20170116194843970.jpg
55,1,0,20170117180249950.jpg
20,0,1,20170116211743925.jpg
16,0,0,20170110231230149.jpg
56,3,1,20170119181445803.jpg
71,0,0,20170104213311644.jpg
35,1,0,20170117143112391.jpg
35,0,1,20170103181812617.jpg
23,3,0,20170119163843478.jpg
30,1,1,20170117125922762.jpg
1,3,0,20161219225410225.jpg
12,1,1,20170109214204794.jpg
26,2,1,20170116234746730.jpg
30,3,1,20170104232539161.jpg
30,2,0,20170116165153226.jpg
21,1,0,20170114032018810.jpg
31,1,1,20170111204355636.jpg
35,0,0,20170116232636326.jpg
58,0,0,20170111202848963.jpg
88,0,0,20170111210626829.jpg
29,2,0,20170116182206717.jpg
53,0,1,20170117163713738.jpg
1,4,1,20161221202254377.jpg
40,0,1,20170120133632861.jpg
55,0,0,20170120222359871.jpg
1,2,0,20161219141817185.jpg
26,1,1,20170116160850384.jpg
61,2,0,20170112205453108.jpg
38,0,0,20170117125958451.jpg
27,1,1,20170117165219530.jpg
39,0,0,20170116224915569.jpg
22,2,0,20170116171724301.jpg
53,0,0,20170117190930257.jpg
19,1,0,20170113132630232.jpg
1,2,1,20161219151131108.jpg
67,0,1,20170104170235233.jpg
86,2,0,20170112224559130.jpg
36,4,1,20170105001239982.jpg
53,0,0,20170111202035978.jpg
1,2,0,20161219205827749.jpg
26,3,0,20170120134528696.jpg
1,3,0,20161220220529033.jpg
2,3,1,20161219225825224.jpg
1,2,1,20161219201453804.jpg
78,0,0,20170111222508641.jpg
82,0,1,20170110141329969.jpg
40,3,1,20170119145610534.jpg
8,1,1,20170109205445571.jpg
40,0,1,20170117185328025.jpg
35,0,0,20170120220454138.jpg
17,0,1,20170109212954942.jpg
27,0,0,20170116205304488.jpg
34,0,1,20170119170609560.jpg
21,4,0,20161223214827816.jpg
35,0,1,20170117135254967.jpg
29,2,1,20170109005533803.jpg
61,0,0,20170104170114128.jpg
26,2,1,20170116180506806.jpg
29,0,1,20170104172544539.jpg
49,0,0,20170117180047148.jpg
34,1,0,20170116164815094.jpg
32,4,1,20170117203123744.jpg
54,3,0,20170119210230016.jpg
55,4,0,20170120134239783.jpg
32,0,0,20170116232949988.jpg
30,1,0,20170116025831395.jpg
54,0,0,20170105173411309.jpg
34,1,0,20170116030137215.jpg
26,1,0,20170113135322642.jpg
49,4,0,20170104000903445.jpg
18,0,1,20170109212536049.jpg
24,2,1,20170116172642345.jpg
28,0,1,20170117184735527.jpg
36,1,0,20170113182443806.jpg
19,3,0,20170119165517358.jpg
32,0,1,20170109141308065.jpg
26,0,0,20170116225130512.jpg
36,3,1,20170117135606725.jpg
67,0,0,20170120230048298.jpg
3,0,1,20170109194406804.jpg
36,0,0,20170117183121900.jpg
14,0,0,20170103200615511.jpg
27,1,1,20170117005946474.jpg
32,0,1,20170117022346459.jpg
3,2,0,20161219190552779.jpg
32,4,0,20170104181254053.jpg
54,3,0,20170119210127256.jpg
30,1,1,20170114031528104.jpg
26,3,1,20170104222813183.jpg
26,0,0,20170117171714931.jpg
29,4,0,20170103235921692.jpg
37,4,0,20170104000927484.jpg
6,4,1,20170103230723185.jpg
38,1,0,20170113142113619.jpg
45,3,0,20170119202030421.jpg
54,3,0,20170119210222264.jpg
16,0,1,20170109204349968.jpg
26,1,1,20170112204726835.jpg
85,0,1,20170110175649821.jpg
12,0,1,20170109203631496.jpg
14,0,1,20170109212753539.jpg
26,3,1,20170119155121850.jpg
32,0,1,20170104172647281.jpg
26,3,0,20170105175308269.jpg
25,0,1,20170117143909681.jpg
26,2,0,20170116183022038.jpg
49,0,0,20170104212545028.jpg
18,0,1,20170109214336149.jpg
45,0,0,20170117154539187.jpg
2,1,1,20170109194651472.jpg
21,0,0,20170116215442146.jpg
21,3,1,20170104222111271.jpg
68,0,1,20170110141150729.jpg
68,0,1,20170103183639034.jpg
26,3,0,20170119180400891.jpg
26,0,0,20170119180126156.jpg
21,0,1,20170117142338224.jpg
24,4,1,20170117194806829.jpg
26,1,0,20170113133259775.jpg
45,0,0,20170117182725979.jpg
26,1,0,20170116210432431.jpg
40,3,1,20170119165539693.jpg
29,1,1,20170116021333343.jpg
36,3,0,20170119201741572.jpg
8,0,0,20170110220118138.jpg
24,0,1,20170117155121820.jpg
25,0,0,20170116001254628.jpg
35,3,0,20170119201352227.jpg
2,2,0,20161219162438366.jpg
65,0,1,20170110125326249.jpg
26,1,0,20170117195937173.jpg
26,2,0,20170116182459791.jpg
26,2,0,20170116181409076.jpg
28,1,0,20170116215621993.jpg
1,3,1,20161219225035448.jpg
50,1,0,20170117154528349.jpg
21,0,1,20170116215708125.jpg
26,0,1,20170117200604086.jpg
25,4,1,20161223230018963.jpg
61,1,0,20170117194601885.jpg
27,2,1,20170104020523491.jpg
1,0,1,20170109191440780.jpg
38,2,0,20170104204240163.jpg
26,0,0,20170117200149083.jpg
85,0,0,20170117174447526.jpg
70,0,0,20170117173910928.jpg
27,3,0,20170119193403898.jpg
26,1,0,20170117195949276.jpg
26,3,1,20170104223033351.jpg
1,3,0,20161219230525895.jpg
52,3,0,20170119200259595.jpg
1,3,1,20161219225238384.jpg
26,1,0,20170117200033549.jpg
43,1,1,20170117010132729.jpg
53,1,0,20170116191725055.jpg
26,3,1,20170109134452703.jpg
33,1,0,20170113173629148.jpg
36,3,0,20170117154320368.jpg
10,0,0,20170110225421531.jpg
68,2,0,20170111205006920.jpg
48,0,1,20170117173924359.jpg
25,0,1,20170117195136747.jpg
28,1,0,20170116210106319.jpg
43,0,1,20170103183352530.jpg
57,0,0,20170111171747481.jpg
24,3,1,20170119165246847.jpg
22,2,1,20170116172706771.jpg
43,4,1,20170117204026648.jpg
26,1,1,20170103181439968.jpg
33,3,0,20170119150501686.jpg
40,0,0,20170117142017783.jpg
67,0,1,20170110143255682.jpg
50,0,1,20170111182452949.jpg
57,0,0,20170120223908110.jpg
24,1,0,20170113181343686.jpg
40,1,0,20170116011202811.jpg
90,0,0,20170117175416532.jpg
26,2,1,20170116180541533.jpg
26,4,1,20170117174327119.jpg
45,0,0,20170105172822861.jpg
21,1,0,20170116215535068.jpg
47,0,0,20170120222507721.jpg
23,1,1,20170112192422750.jpg
56,0,0,20170104210115763.jpg
17,0,1,20170109213621558.jpg
34,3,0,20170119165846359.jpg
1,2,1,20161219212221341.jpg
37,4,0,20170116204829478.jpg
1,2,0,20161219222832191.jpg
26,3,0,20170119181351882.jpg
12,0,1,20170109203240213.jpg
26,1,1,20170113012233232.jpg
29,1,1,20170113005659333.jpg
25,4,0,20170117195058860.jpg
50,0,0,20170116224809437.jpg
14,3,1,20170104221901782.jpg
27,3,0,20161220221833874.jpg
29,1,0,20170117012800357.jpg
26,0,1,20170105002839534.jpg
1,2,1,20161219142156353.jpg
61,0,0,20170117194409073.jpg
36,1,1,20170112224156660.jpg
20,4,0,20170117193505639.jpg
1,0,0,20170109193826712.jpg
8,0,1,20170109204251231.jpg
56,0,0,20170109012058588.jpg
62,0,0,20170113185402879.jpg
1,1,1,20170109194611993.jpg
65,0,1,20170110140958665.jpg
16,0,0,20170110231909175.jpg
50,0,1,20170117171530084.jpg
32,1,1,20170116192527624.jpg
92,0,1,20170110182830022.jpg
1,0,1,20170109194032969.jpg
6,3,1,20161220220748274.jpg
60,1,0,20170113185153840.jpg
26,1,1,20170117201147190.jpg
25,0,1,20170117195311260.jpg
27,0,0,20170116204126806.jpg
35,2,0,20170116182214766.jpg
26,2,1,20170116182638875.jpg
15,2,1,20170104013425867.jpg
48,0,1,20170117174150685.jpg
47,3,0,20170119205217135.jpg
35,2,0,20170104191720503.jpg
9,4,1,20170103213057382.jpg
35,0,1,20170117092205487.jpg
8,0,0,20170103210825483.jpg
16,0,0,20170110231219975.jpg
17,1,1,20170114030037010.jpg
40,0,0,20170116212312565.jpg
45,0,0,20170117185004664.jpg
50,0,0,20170120222405224.jpg
1,4,0,20161221201548713.jpg
25,2,1,20170104021933189.jpg
65,0,1,20170110141251497.jpg
15,4,1,20170103223416559.jpg
28,0,0,20170117180427607.jpg
25,3,1,20170117152035011.jpg
31,1,0,20170113173411619.jpg
31,0,0,20170117120944631.jpg
24,0,1,20170117194613108.jpg
37,0,0,20170104172740418.jpg
25,2,0,20170116175216129.jpg
30,2,0,20170116194010019.jpg
58,4,0,20170120224545639.jpg
65,1,0,20170117172856561.jpg
26,2,1,20170116184735190.jpg
10,0,0,20170110225035898.jpg
20,3,1,20170117141155272.jpg
2,2,1,20161219140736641.jpg
23,2,0,20170116172904718.jpg
50,4,0,20170117203102320.jpg
5,0,1,20170109194229104.jpg
27,1,1,20170117165225648.jpg
35,0,0,20170117120948071.jpg
32,1,0,20170113152015975.jpg
26,0,1,20170110173815028.jpg
2,1,1,20170109194445412.jpg
28,0,0,20170117180237845.jpg
40,1,1,20170112234122392.jpg
34,0,1,20170103163031248.jpg
35,1,0,20170116194427309.jpg
33,0,1,20170103182624369.jpg
25,0,0,20170117134757190.jpg
40,2,0,20170116191940772.jpg
7,2,1,20161219194239107.jpg
53,1,1,20170110125140922.jpg
42,1,1,20170116021841454.jpg
23,3,0,20170117144108739.jpg
3,0,0,20170110205355795.jpg
26,3,1,20170109135843276.jpg
28,2,1,20170116162955090.jpg
1,4,1,20161221195027223.jpg
35,0,0,20170117173401692.jpg
40,1,1,20170113010444517.jpg
63,0,0,20170117161116206.jpg
65,0,0,20170104213544876.jpg
37,0,0,20170117140009463.jpg
45,3,0,20170117121740949.jpg
23,3,1,20170104231757866.jpg
34,3,0,20170109140934624.jpg
57,0,0,20170104212837910.jpg
4,0,0,20170110213325187.jpg
28,0,1,20170117180716305.jpg
30,4,1,20170109135421119.jpg
14,0,1,20170104005937407.jpg
16,0,0,20170110231758466.jpg
26,0,1,20170116234741431.jpg
25,0,1,20170117123818139.jpg
58,0,0,20170117184403351.jpg
29,0,1,20170103181157688.jpg
1,4,0,20170103210958819.jpg
34,1,0,20170113173036640.jpg
1,0,0,20161219225850912.jpg
56,3,0,20170119195816363.jpg
42,1,0,20170113190550529.jpg
15,0,0,20170103201301966.jpg
4,0,1,20170109192424440.jpg
27,0,1,20170103163215342.jpg
41,0,0,20170104200612385.jpg
23,0,1,20170103163120968.jpg
2,2,0,20161219195745171.jpg
69,0,0,20170109011208585.jpg
21,0,1,20170116220224031.jpg
55,3,0,20170119181128452.jpg
60,0,0,20170120222250991.jpg
71,0,0,20170111195259809.jpg
80,0,0,20170111201430389.jpg
28,3,0,20170119194805417.jpg
8,0,1,20170109202317876.jpg
28,0,0,20170113132654464.jpg
45,0,0,20170111181750431.jpg
56,3,0,20170119192954299.jpg
75,0,0,20170117174918045.jpg
42,2,1,20170109135854714.jpg
1,1,1,20170109191243420.jpg
72,0,0,20170111181750515.jpg
60,0,0,20170104184725621.jpg
74,0,0,20170120225103496.jpg
60,0,1,20170110122614299.jpg
39,1,0,20170113190332490.jpg
31,3,1,20170109134554005.jpg
27,1,0,20170117010428117.jpg
29,1,1,20170113001358515.jpg
2,0,0,20170110213507337.jpg
72,0,1,20170110173128700.jpg
15,0,0,20170110232610061.jpg
2,0,0,20170110212819281.jpg
58,1,0,20170113190411755.jpg
26,2,1,20170116183011989.jpg
31,1,0,20170116004652226.jpg
7,0,1,20170109192035908.jpg
14,0,1,20170109214345916.jpg
34,0,0,20170104201652065.jpg
5,0,1,20170109192719152.jpg
26,1,0,20170116010432759.jpg
26,1,0,20170113182414254.jpg
22,1,1,20170116172633295.jpg
4,3,1,20161219230310713.jpg
4,0,0,20170110212940437.jpg
21,1,1,20170112193012350.jpg
30,0,0,20170117144035842.jpg
52,0,1,20170105172742757.jpg
22,1,0,20170113195509981.jpg
36,0,1,20170104234532883.jpg
54,3,1,20170109131821873.jpg
54,1,0,20170117190013790.jpg
22,3,1,20170119163702901.jpg
29,3,0,20170117180819737.jpg
28,1,0,20170116024731879.jpg
75,0,0,20170117174632541.jpg
43,2,0,20170117134842975.jpg
84,0,1,20170120225816538.jpg
42,0,0,20170109003533896.jpg
35,1,0,20170113195625995.jpg
2,3,0,20161219225228376.jpg
2,2,0,20161219141147608.jpg
56,0,1,20170110123126617.jpg
32,2,0,20170116191428705.jpg
64,0,0,20170104185632214.jpg
28,3,0,20170119194817585.jpg
73,0,1,20170110141129145.jpg
3,0,0,20170110212548876.jpg
56,1,0,20170113184709263.jpg
26,1,1,20170116011336602.jpg
1,0,0,20170110213327766.jpg
3,1,1,20170109194603673.jpg
29,4,0,20170116210407115.jpg
45,0,1,20170117190023859.jpg
15,0,1,20170109213421667.jpg
28,2,0,20170113190312841.jpg
14,0,1,20170109203625481.jpg
45,3,0,20170119201729135.jpg
45,0,0,20170108235329396.jpg
26,3,1,20170117174342230.jpg
50,0,0,20170117160612319.jpg
27,1,0,20170117194133909.jpg
50,3,0,20170111222312455.jpg
28,2,1,20170116170809755.jpg
54,3,0,20170119211308521.jpg
45,3,1,20170119171411898.jpg
39,3,0,20170119195343676.jpg
52,0,1,20170110123807882.jpg
39,3,0,20170119183908421.jpg
14,0,1,20170109204135732.jpg
26,0,0,20170117120944631.jpg
53,0,0,20170120223133507.jpg
36,0,1,20170105163244997.jpg
80,0,1,20170110125303427.jpg
28,3,1,20170109132916902.jpg
25,3,1,20170117142257810.jpg
28,4,0,20170103235541444.jpg
26,2,1,20170116184530259.jpg
50,0,0,20170104212142572.jpg
42,2,1,20170104204657182.jpg
25,1,1,20170117135941266.jpg
26,2,1,20170116175445643.jpg
25,1,0,20170113132605095.jpg
1,0,1,20170109194117865.jpg
35,1,1,20170117190321049.jpg
28,0,1,20170117202555320.jpg
38,3,0,20170116223006279.jpg
4,3,0,20161220221755018.jpg
52,2,1,20170116183832074.jpg
24,0,1,20170116214224254.jpg
52,3,0,20170117190840617.jpg
1,0,0,20161219190621290.jpg
54,0,0,20170113210127479.jpg
37,3,0,20170119202215718.jpg
26,1,0,20170113134328745.jpg
21,3,1,20170104222108390.jpg
32,1,1,20170116023841155.jpg
10,3,1,20170112211048149.jpg
25,0,1,20170105000610412.jpg
32,2,0,20170105162228515.jpg
18,0,0,20170117175618980.jpg
9,2,1,20161219204347420.jpg
40,1,1,20170113012253752.jpg
62,0,1,20170110160643829.jpg
3,0,1,20170109193506319.jpg
75,0,0,20170111202241586.jpg
38,0,0,20170117191429314.jpg
34,1,0,20170116003716387.jpg
27,3,1,20170119194419338.jpg
26,3,0,20170117154449286.jpg
1,2,0,20161219201442357.jpg
26,3,1,20170104232150859.jpg
35,0,1,20170103182149977.jpg
36,0,0,20170104170039505.jpg
23,3,1,20170104222308327.jpg
25,3,1,20170104231357826.jpg
26,3,0,20170119181430244.jpg
1,3,1,20161220222647563.jpg
35,3,1,20170119201541494.jpg
36,1,1,20170112224139515.jpg
26,1,1,20170112224805692.jpg
53,1,1,20170116175619856.jpg
16,0,0,20170110231811882.jpg
26,1,1,20170113012356872.jpg
53,1,0,20170104212358428.jpg
17,4,1,20161223214728028.jpg
26,0,0,20170116203328402.jpg
28,2,1,20170116164741320.jpg
24,0,0,20170117145203051.jpg
30,3,0,20170117154921159.jpg
67,1,0,20170113175755885.jpg
2,2,1,20161219203118564.jpg
26,0,1,20170117003218198.jpg
3,0,1,20170109194247387.jpg
29,0,1,20170117130626511.jpg
26,4,1,20170116154322277.jpg
4,2,0,20161219194145563.jpg
70,0,1,20170120221601317.jpg
14,0,0,20170110232127519.jpg
26,0,1,20170117001335885.jpg
26,0,1,20170117152808211.jpg
45,0,0,20170120140945913.jpg
27,3,1,20170116200945357.jpg
1,0,0,20170103210548852.jpg
30,0,0,20170117130646482.jpg
45,1,0,20170117140339396.jpg
27,0,1,20170119154437418.jpg
41,1,0,20170117171011004.jpg
80,0,1,20170110153259184.jpg
1,0,1,20170109190742179.jpg
3,4,1,20161221193402694.jpg
23,0,0,20170117144526121.jpg
25,3,0,20170119153857705.jpg
18,4,1,20170103234101020.jpg
26,4,0,20170103224832945.jpg
58,0,0,20170120224650587.jpg
34,1,1,20170116012236821.jpg
55,3,0,20170119181035677.jpg
75,3,0,20170111210912724.jpg
26,0,0,20170117170706453.jpg
39,0,0,20170104170046913.jpg
20,4,1,20170117193608005.jpg
30,4,1,20170103230515409.jpg
72,2,0,20170112205543070.jpg
21,0,1,20170117142326768.jpg
35,3,1,20170117154203196.jpg
20,0,0,20170117140056058.jpg
32,1,1,20170116003159417.jpg
26,3,0,20170119183150981.jpg
1,2,1,20161219155909061.jpg
60,0,0,20170120221103380.jpg
1,3,0,20161219230642504.jpg
16,3,1,20170104222208647.jpg
35,2,1,20170116181314698.jpg
42,0,0,20170117135651920.jpg
7,1,0,20170114025451554.jpg
46,0,0,20170117190143691.jpg
65,1,1,20170120222613985.jpg
1,4,1,20161221201921929.jpg
21,1,0,20170116030053264.jpg
25,2,0,20170116175215147.jpg
35,0,0,20170117134955604.jpg
28,0,0,20170104202019890.jpg
70,0,0,20170105173625820.jpg
24,3,1,20170119170555590.jpg
21,1,1,20170117193838829.jpg
53,3,0,20170119205830896.jpg
1,0,1,20170109192245647.jpg
30,0,1,20170117170803122.jpg
60,2,0,20170109010253649.jpg
2,3,1,20161220144844310.jpg
25,4,0,20170103230228713.jpg
26,1,0,20170116205301942.jpg
1,3,0,20161220144425181.jpg
14,0,1,20170104011842010.jpg
35,3,1,20170119152835120.jpg
1,2,0,20161219200052700.jpg
1,3,1,20161220143241765.jpg
18,1,0,20170113175555906.jpg
2,4,1,20161221202436617.jpg
1,0,0,20170109193052283.jpg
75,0,1,20170110154312939.jpg
28,1,1,20170112204611851.jpg
30,0,1,20170117135952703.jpg
27,2,0,20170116185014529.jpg
14,3,1,20170104221756497.jpg
13,0,1,20170109201622416.jpg
92,2,1,20170110182855209.jpg
34,3,0,20170119200626788.jpg
24,2,1,20170116173507147.jpg
49,1,0,20170113184332336.jpg
25,0,1,20170117141421609.jpg
45,0,1,20170117135025030.jpg
35,2,1,20170116165645870.jpg
26,1,0,20170113154905482.jpg
40,4,1,20170109003506229.jpg
50,2,0,20170109012238306.jpg
49,3,1,20170104235844116.jpg
26,1,1,20170112212030764.jpg
36,3,0,20170119175242539.jpg
30,1,1,20170116214526804.jpg
16,0,0,20170110231521377.jpg
22,4,1,20170103223042983.jpg
70,0,1,20170109150852960.jpg
21,2,0,20170116170741864.jpg
25,1,1,20170114024700519.jpg
24,2,1,20170116174531148.jpg
12,0,1,20170117154622148.jpg
58,0,1,20170110151504170.jpg
2,2,0,20161219211219902.jpg
2,3,0,20161219225137296.jpg
99,0,1,20170120134718759.jpg
63,2,0,20170112224412180.jpg
22,3,0,20170119162837005.jpg
22,2,1,20170116172557623.jpg
18,0,1,20170109212847067.jpg
24,0,1,20170103180601840.jpg
33,0,0,20170120225727019.jpg
13,3,1,20170109205242338.jpg
22,4,1,20170103233328523.jpg
75,0,0,20170111205059862.jpg
26,0,0,20170117201116334.jpg
52,0,1,20170109220625669.jpg
24,3,0,20170119160307619.jpg
54,0,0,20170120223347588.jpg
24,0,0,20170119152257171.jpg
26,0,0,20170117195959667.jpg
40,0,0,20170117120418754.jpg
52,1,0,20170113184035487.jpg
35,0,0,20170119200935316.jpg
59,0,0,20170109011033488.jpg
27,2,1,20170116162544980.jpg
32,0,1,20170103181859185.jpg
19,2,1,20170104015921814.jpg
35,2,1,20170116191905052.jpg
60,0,0,20170113210127405.jpg
35,0,0,20170117134939473.jpg
40,0,0,20170113134225018.jpg
53,2,1,20170105174705949.jpg
32,1,1,20170112213704768.jpg
1,0,1,20170109193401456.jpg
24,0,1,20170116222843605.jpg
23,2,1,20170116173125516.jpg
8,0,0,20170110215642859.jpg
40,0,1,20170116235425418.jpg
24,2,1,20170116174434040.jpg
55,0,1,20170117092223899.jpg
36,3,1,20170119191859753.jpg
65,0,1,20170110132512700.jpg
1,3,1,20161220220534186.jpg
26,4,1,20170117201454965.jpg
26,2,1,20170116180008794.jpg
1,0,1,20170109192159501.jpg
24,4,0,20170102233500506.jpg
8,1,0,20170114025855492.jpg
39,0,0,20170104174019973.jpg
16,0,0,20170110231918993.jpg
28,4,0,20170105163707258.jpg
50,0,1,20170117203951023.jpg
65,2,0,20170112224011835.jpg
30,0,1,20170117144955746.jpg
26,1,1,20170116223432216.jpg
30,0,0,20170104201841050.jpg
1,2,0,20170117195243732.jpg
28,0,1,20170117122001989.jpg
23,1,0,20170113133721489.jpg
2,3,0,20161220220702081.jpg
1,2,1,20161219195923075.jpg
23,3,0,20170116221643369.jpg
37,0,1,20170103182952754.jpg
26,3,0,20170119180343596.jpg
27,3,1,20170119194421382.jpg
14,0,0,20170110232124117.jpg
36,1,1,20170117195448051.jpg
26,1,1,20170117201805678.jpg
75,0,1,20170110182959300.jpg
47,0,0,20170117190258354.jpg
55,3,0,20170119183204846.jpg
39,1,0,20170113151528768.jpg
29,1,0,20170113142448050.jpg
55,0,1,20170110160643391.jpg
38,0,1,20170103163517069.jpg
60,0,1,20170110160643720.jpg
67,0,0,20170117192237235.jpg
24,2,1,20170116175450531.jpg
68,0,0,20170117172721512.jpg
42,0,0,20170117185621339.jpg
25,0,0,20170117133936015.jpg
48,0,1,20170103224620464.jpg
24,3,0,20170119152239904.jpg
42,0,1,20170117154917959.jpg
26,2,1,20170116180228453.jpg
28,1,1,20170116231107181.jpg
39,0,0,20170104204717955.jpg
32,2,0,20170109015216754.jpg
39,0,1,20170109012128721.jpg
39,0,0,20170112215032192.jpg
15,4,1,20170103233348795.jpg
49,0,0,20170117190515851.jpg
63,0,1,20170109221021608.jpg
11,1,1,20170114033545468.jpg
4,2,1,20161219142249665.jpg
26,1,1,20170116224118858.jpg
26,3,1,20170117173653317.jpg
2,4,1,20161221201536537.jpg
60,2,0,20170112222017258.jpg
36,3,0,20170119201743421.jpg
35,0,0,20170117174409006.jpg
70,0,0,20170120221807750.jpg
2,4,0,20161221202237961.jpg
25,1,0,20170113134128353.jpg
36,3,0,20170119183315430.jpg
35,2,0,20170116164415437.jpg
68,0,1,20170110141522160.jpg
38,1,1,20170117154145792.jpg
34,3,0,20170119183347270.jpg
41,2,0,20170116192329504.jpg
22,0,0,20170114025946539.jpg
27,1,0,20170117164549029.jpg
26,1,0,20170113151548832.jpg
24,2,0,20170116172808749.jpg
45,0,1,20170109132846228.jpg
28,2,1,20170116175301913.jpg
43,0,0,20170104183900726.jpg
58,0,0,20170111205019096.jpg
22,3,0,20170119160342147.jpg
2,0,0,20170110212816271.jpg
31,2,0,20170115231427920.jpg
18,4,1,20170116211941006.jpg
26,0,0,20170117195919229.jpg
30,1,0,20170113141654362.jpg
1,0,0,20170109193647852.jpg
40,0,0,20170117154610956.jpg
45,0,1,20170117001056094.jpg
1,2,0,20161219161941534.jpg
82,0,0,20170111222551270.jpg
51,0,0,20170105172830957.jpg
9,2,0,20170110225353988.jpg
35,1,1,20170117010340078.jpg
45,3,1,20170119200125452.jpg
1,2,0,20161219205758717.jpg
8,2,1,20161219194234250.jpg
26,0,0,20170117152347004.jpg
26,0,1,20170103181926881.jpg
47,3,0,20170119201921580.jpg
22,3,0,20170119162820341.jpg
24,3,1,20170119155747715.jpg
54,0,0,20170120223314300.jpg
31,0,0,20170104202003656.jpg
28,1,0,20170113142308413.jpg
29,3,0,20170117180741530.jpg
23,2,1,20170104020318141.jpg
80,0,1,20170110155128293.jpg
40,3,0,20170119183357429.jpg
50,0,1,20170119205609399.jpg
25,0,1,20170117195324293.jpg
40,1,1,20170113012749881.jpg
27,2,1,20170116172637915.jpg
59,0,0,20170104212405077.jpg
11,0,1,20170109204927071.jpg
29,1,0,20170117022435965.jpg
53,0,1,20170109142039096.jpg
26,2,1,20170113000159185.jpg
73,0,1,20170117175559419.jpg
27,2,1,20170116172655057.jpg
34,0,0,20170117121628625.jpg
27,2,1,20170116163830302.jpg
5,0,0,20170110225205577.jpg
21,4,1,20170117193741701.jpg
26,0,1,20170103181948785.jpg
35,1,1,20170113012452639.jpg
21,4,1,20161223225837372.jpg
40,1,0,20170120220605251.jpg
24,3,0,20170119164638750.jpg
9,0,0,20170110220040107.jpg
33,0,1,20170103181937009.jpg
31,0,1,20170117181946996.jpg
35,0,0,20170117134946022.jpg
15,0,1,20170103201844088.jpg
32,1,0,20170113135620561.jpg
26,1,1,20170112234340711.jpg
90,0,0,20170117174931541.jpg
1,2,1,20161219205644669.jpg
24,1,0,20170113132717504.jpg
30,1,0,20170113155013364.jpg
26,3,1,20170119193120649.jpg
35,1,1,20170117141052934.jpg
24,1,1,20170112234558855.jpg
67,0,1,20170110140730634.jpg
22,2,1,20170104020216916.jpg
25,4,1,20161220222242243.jpg
55,1,1,20170112213225871.jpg
24,0,1,20170112230455412.jpg
45,0,0,20170113183417861.jpg
8,0,0,20170110220138938.jpg
38,3,1,20170119163208659.jpg
18,3,0,20170119144144877.jpg
69,0,1,20170109150615726.jpg
27,1,1,20170112213507183.jpg
85,0,0,20170110183613267.jpg
22,3,1,20170117143926531.jpg
30,0,1,20170117145258777.jpg
58,0,0,20170117172932280.jpg
5,2,1,20161219163010238.jpg
43,1,0,20170116205314288.jpg
1,0,1,20161219225855568.jpg
1,3,1,20161219224951912.jpg
58,0,0,20170109015209205.jpg
2,4,0,20161221194951087.jpg
32,1,0,20170113142343044.jpg
52,0,0,20170104212241724.jpg
31,3,1,20170109140727630.jpg
35,1,0,20170117143139491.jpg
24,2,1,20170116174420253.jpg
45,0,0,20170104202521936.jpg
49,3,0,20170117130537950.jpg
5,0,1,20170109205316524.jpg
31,3,0,20170104232701442.jpg
75,2,0,20170111210029130.jpg
31,1,0,20170114032310376.jpg
26,1,1,20170116153827997.jpg
26,0,1,20170103180530224.jpg
4,4,1,20161223231735684.jpg
58,1,0,20170111200022771.jpg
14,0,1,20170109204620092.jpg
9,0,0,20170110220712974.jpg
38,1,1,20170116165617759.jpg
58,1,0,20170117204657521.jpg
32,0,0,20170117121829950.jpg
1,0,0,20170109191440780.jpg
24,0,1,20170105183611646.jpg
23,0,1,20170103163123528.jpg
28,3,1,20170104223510151.jpg
2,0,0,20170109193935916.jpg
9,0,0,20170110220148443.jpg
40,0,0,20170117203219447.jpg
72,0,1,20170104213629773.jpg
27,3,0,20170104230153993.jpg
30,0,0,20170117130615780.jpg
35,0,0,20170117153829116.jpg
